listing_title,listing_category,short_description,description,website,phone,fax,email,listing_tags,address,zip_code,username,sequence_id
Dr Luc Mahler,Clinics & Services;Chiropractors,Chiropractors,"Address: 101 Fourth Ave #1, Ottawa, ON K1S 2L1
Phone: 613-778-6990
Website: https://themvmtcompany.com",https://themvmtcompany.com,613-778-6990,,,Chiropractors;Ottawa,"101 Fourth Ave #1, Ottawa, ON K1S 2L1",K1S 2L1,Sana,opc-service-allied-9df23520fb857c
Oaktree Chiropractic (Downtown),Clinics & Services;Chiropractors,Chiropractors,"Address: 231 Lisgar St, Ottawa, ON K2P 0C5
Phone: 613-680-4325
Website: https://oaktreehealth.ca/downtown-ottawa
Contacts: Dr. Emilie Perras Paediatric & Family Chiropractor; Dr. Vanessa Jalbert-Caputo Chiropractor",https://oaktreehealth.ca/downtown-ottawa,613-680-4325,,,Chiropractors;Dr. Emilie Perras Paediatric & Family Chiropractor; Dr. Vanessa Jalbert-Caputo Chiropractor Chiropractors;Ottawa,"231 Lisgar St, Ottawa, ON K2P 0C5",K2P 0C5,Sana,opc-service-allied-22efc1546136a0
Oaktree Chiropractic (Orleans),Clinics & Services;Chiropractors,Chiropractors,"Address: 2054 St Joseph Blvd, Orleans, ON K1C 1E6
Phone: 613-424-4315
Website: https://oaktreehealth.ca/orleans
Contacts: Dr. Veronica Brynaert",https://oaktreehealth.ca/orleans,613-424-4315,,,Chiropractors;Dr. Veronica Brynaert Chiropractors;Orleans,"2054 St Joseph Blvd, Orleans, ON K1C 1E6",K1C 1E6,Sana,opc-service-allied-81689d68e034c6
Oaktree Chiropractic (Stittsville-Kanata),Clinics & Services;Chiropractors,Chiropractors,"Address: 1053 Carp Rd, Stittsville, ON K2S 1B9
Phone: 613-672-4325
Website: https://oaktreehealth.ca/stittsville
Contacts: Dr. Marie-Pier Sauriol",https://oaktreehealth.ca/stittsville,613-672-4325,,,Chiropractors;Dr. Marie-Pier Sauriol Chiropractors;Stittsville,"1053 Carp Rd, Stittsville, ON K2S 1B9",K2S 1B9,Sana,opc-service-allied-808b6d67c0a320
Ottawa Chiropractic & Natural Health Centre (Downtown),Clinics & Services;Chiropractors,Chiropractors,"Address: 111 Albert St r115, Ottawa, ON K1P 1A5
Phone: 613-688-1036
Website: https://excellenceinhealth.com
Contacts: Dr. John R. Zielonka",https://excellenceinhealth.com,613-688-1036,,,Chiropractors;Dr. John R. Zielonka Chiropractors;Ottawa,"111 Albert St r115, Ottawa, ON K1P 1A5",K1P 1A5,Sana,opc-service-allied-67929221ad51d6
Ascension Chiropractic Health Centre (Downtown),Clinics & Services;Chiropractors,Chiropractors,"Address: 251 Laurier Ave W Ste 550, Ottawa, ON K1P 6K6
Phone: 613-656-8080
Website: https://ascensionchiro.ca
Contacts: Dr. Derek Haughton",https://ascensionchiro.ca,613-656-8080,,,Chiropractors;Dr. Derek Haughton Chiropractors;Ottawa,"251 Laurier Ave W Ste 550, Ottawa, ON K1P 6K6",K1P 6K6,Sana,opc-service-allied-94209f71f04183
Ottawa Chiropractic Health Clinic and Physiotherapy,Clinics & Services;Chiropractors;Physiotherapists,Chiropractors · Physiotherapists,"Address: 407 Laurier Ave W, Ottawa, ON K1R 7Y1
Phone: 613-233-8700
Website: https://ochconline.com
Contacts: Dr Andréanne Côté; Dr Alexander Lee; Dr Jared Ferguson; Pierre-Luc Couturier; Abhijit Minhas",https://ochconline.com,613-233-8700,,,Chiropractors;Physiotherapists;Dr Andréanne Côté; Dr Alexander Lee; Dr Jared Ferguson; Pierre-Luc Couturier; Abhijit Minhas Chiropractors Physiotherapists;Ottawa,"407 Laurier Ave W, Ottawa, ON K1R 7Y1",K1R 7Y1,Sana,opc-service-allied-03afe4976a7c15
Back to Health Wellness Centre,Clinics & Services;Chiropractors,Chiropractors,"Address: 240 Catherine St #100, Ottawa, ON K2P 2G8
Phone: 613-408-2702
Website: https://back2health4you.com",https://back2health4you.com,613-408-2702,,,Chiropractors;Ottawa,"240 Catherine St #100, Ottawa, ON K2P 2G8",K2P 2G8,Sana,opc-service-allied-f426a1696da200
Kent Chiro-Med Physiotherapy & Chiropractic Clinic,Clinics & Services;Chiropractors,Chiropractors,"Address: 563 Gladstone Ave, Ottawa, ON K1R 5P2
Phone: 613-508-0113
Website: https://kentchiromed.com",https://kentchiromed.com,613-508-0113,,,Chiropractors;Ottawa,"563 Gladstone Ave, Ottawa, ON K1R 5P2",K1R 5P2,Sana,opc-service-allied-6db88b5af688cc
Baseline Chiropractic Clinic,Clinics & Services;Chiropractors,Chiropractors,"Address: 1889 Baseline Rd #2, Ottawa, ON K2C 0N2
Phone: 613-224-8582
Website: https://baselinechiro.ca
Contacts: Dr. Aaron Lynn; Dr. Moore",https://baselinechiro.ca,613-224-8582,,,Chiropractors;Dr. Aaron Lynn; Dr. Moore Chiropractors;Ottawa,"1889 Baseline Rd #2, Ottawa, ON K2C 0N2",K2C 0N2,Sana,opc-service-allied-7e3fa67784b7df
Britannia Chiropractic Clinic,Clinics & Services;Chiropractors,Chiropractors,"Address: 1315 Richmond Rd #11, Ottawa, ON K2B 7Y4
Phone: 613-726-8830
Website: https://britanniachiro.com
Contacts: Dr. Kirkham",https://britanniachiro.com,613-726-8830,,,Chiropractors;Dr. Kirkham Chiropractors;Ottawa,"1315 Richmond Rd #11, Ottawa, ON K2B 7Y4",K2B 7Y4,Sana,opc-service-allied-fb370cfaf976af
Ottawa Chiropractic Studio,Clinics & Services;Chiropractors,Chiropractors,"Address: 53 Marier Ave Unit 1, Vanier, ON K1L 5S2
Phone: 613-519-9927
Website: https://ottawachiropracticstudio.ca
Contacts: Dr. Melanie Stewart; Dr. Brittany Ellis",https://ottawachiropracticstudio.ca,613-519-9927,,,Chiropractors;Dr. Melanie Stewart; Dr. Brittany Ellis Chiropractors;Vanier,"53 Marier Ave Unit 1, Vanier, ON K1L 5S2",K1L 5S2,Sana,opc-service-allied-7f6ec0653e9d13
Arc of Life Chiropractic Natural Health Group,Clinics & Services;Chiropractors,Chiropractors,"Address: 1318 Wellington St W, Ottawa, ON K1Y 3B7
Phone: 613-722-1003
Website: https://arcoflife.ca
Contacts: Dr. Pauline; Dr. Brent",https://arcoflife.ca,613-722-1003,,,Chiropractors;Dr. Pauline; Dr. Brent Chiropractors;Ottawa,"1318 Wellington St W, Ottawa, ON K1Y 3B7",K1Y 3B7,Sana,opc-service-allied-ba714d15c40d8c
Marketplace Chiropractic,Clinics & Services;Chiropractors,Chiropractors,"Address: 80 Marketplace Ave J2, Orléans, ON K2J 4H9
Phone: 613-823-1255
Contacts: Dr. Mike; Dr. Nancy",,613-823-1255,,,Chiropractors;Dr. Mike; Dr. Nancy Chiropractors;Orléans,"80 Marketplace Ave J2, Orléans, ON K2J 4H9",K2J 4H9,Sana,opc-service-allied-bd72bd3fcf91ef
Barrhaven Family Chiropractic,Clinics & Services;Chiropractors,Chiropractors,"Address: 605 Longfields Dr #1315, Ottawa, ON K2J 6T7
Phone: 613-823-7900
Website: https://barrhavenwellnesscentre.com
Contacts: Dr. Majida; Dr. Khalid Mankal",https://barrhavenwellnesscentre.com,613-823-7900,,,Chiropractors;Dr. Majida; Dr. Khalid Mankal Chiropractors;Ottawa,"605 Longfields Dr #1315, Ottawa, ON K2J 6T7",K2J 6T7,Sana,opc-service-allied-3d6654ae91c3d1
"Dr. Ryley Hayter, Barrhaven Chiropractor",Clinics & Services;Chiropractors,Chiropractors,"Address: 19 Dewberry Crescent, Nepean, ON K2J 4N3
Phone: 343-297-4585
Website: https://ryleyhayterdc.com",https://ryleyhayterdc.com,343-297-4585,,,Chiropractors;Nepean,"19 Dewberry Crescent, Nepean, ON K2J 4N3",K2J 4N3,Sana,opc-service-allied-73056136df0831
Greenbank Chiropractic Centre,Clinics & Services;Chiropractors,Chiropractors,"Address: 804 Greenbank Rd, Nepean, ON K2J 1A2
Phone: 613-825-2524
Website: https://spinedr.ca
Contacts: Dr. Jackie Rogers",https://spinedr.ca,613-825-2524,,,Chiropractors;Dr. Jackie Rogers Chiropractors;Nepean,"804 Greenbank Rd, Nepean, ON K2J 1A2",K2J 1A2,Sana,opc-service-allied-187836e45eb54d
South Nepean Family Chiropractic,Clinics & Services;Chiropractors,Chiropractors,"Address: 1 Tartan Dr, Nepean, ON K2J 2W7
Phone: 613-823-9131
Website: https://barrhavenchiro.ca
Contacts: Dr. Joanne Lafreniere",https://barrhavenchiro.ca,613-823-9131,,,Chiropractors;Dr. Joanne Lafreniere Chiropractors;Nepean,"1 Tartan Dr, Nepean, ON K2J 2W7",K2J 2W7,Sana,opc-service-allied-b2230556976f23
Active Health Institute,Clinics & Services;Chiropractors,Chiropractors,"Address: 613 Longfields Dr #103, Ottawa, ON K2J 6J2
Phone: 613-825-7773
Website: https://activehealthinstitute.com
Contacts: Dr. Hemstock",https://activehealthinstitute.com,613-825-7773,,,Chiropractors;Dr. Hemstock Chiropractors;Ottawa,"613 Longfields Dr #103, Ottawa, ON K2J 6J2",K2J 6J2,Sana,opc-service-allied-53091c1b5f7f98
My Infinity Chiro,Clinics & Services;Chiropractors,Chiropractors,"Address: 804 Greenbank Rd, Nepean, ON K2J 1A2
Phone: 613-797-4260
Website: https://myinfinitychiro.com
Contacts: Dr. Andrew Bell; Dr. Robinson",https://myinfinitychiro.com,613-797-4260,,,Chiropractors;Dr. Andrew Bell; Dr. Robinson Chiropractors;Nepean,"804 Greenbank Rd, Nepean, ON K2J 1A2",K2J 1A2,Sana,opc-service-allied-3cad832e6ebffb
Hazeldean Family Chiropractic Clinic,Clinics & Services;Chiropractors,Chiropractors,"Address: 484 Hazeldean Rd #8, Kanata, ON K2L 1V4
Phone: 613-831-9665
Website: https://hazeldeanchiropractic.com
Contacts: Dr. Erin McLaughlin",https://hazeldeanchiropractic.com,613-831-9665,,,Chiropractors;Dr. Erin McLaughlin Chiropractors;Kanata,"484 Hazeldean Rd #8, Kanata, ON K2L 1V4",K2L 1V4,Sana,opc-service-allied-823ef9e9fc9a60
New Forma Chiropractic & Wellness,Clinics & Services;Chiropractors,Chiropractors,"Address: 3009 St Joseph Blvd, Orléans, ON K1E 1E1
Phone: 613-824-0892
Website: https://drericcaron.wixsite.com/chiropractic
Contacts: Dr. Caron; Dr. Eric; Dr. Greenough",https://drericcaron.wixsite.com/chiropractic,613-824-0892,,,Chiropractors;Dr. Caron; Dr. Eric; Dr. Greenough Chiropractors;Orléans,"3009 St Joseph Blvd, Orléans, ON K1E 1E1",K1E 1E1,Sana,opc-service-allied-1cadf3ce03fc62
The Chiropractic Clinic,Clinics & Services;Chiropractors,Chiropractors,"Address: 3600 Brian Coburn Blvd Unit 103, Orléans, ON K4A 1C4
Phone: 613-834-0707
Website: https://thechiropracticclinic.ca
Contacts: Dr. Stephanie de Haas; Dr. Melodie de Haas",https://thechiropracticclinic.ca,613-834-0707,,,Chiropractors;Dr. Stephanie de Haas; Dr. Melodie de Haas Chiropractors;Orléans,"3600 Brian Coburn Blvd Unit 103, Orléans, ON K4A 1C4",K4A 1C4,Sana,opc-service-allied-63c107704e5f43
Hunter Chiropractic Wellness Centre,Clinics & Services;Chiropractors,Chiropractors,"Address: 200 Vanguard Dr #2, Orléans, ON K4A 1A1
Phone: 613-841-9355
Website: https://hunterchiropractic.com
Contacts: Dr. Mark Hunter",https://hunterchiropractic.com,613-841-9355,,,Chiropractors;Dr. Mark Hunter Chiropractors;Orléans,"200 Vanguard Dr #2, Orléans, ON K4A 1A1",K4A 1A1,Sana,opc-service-allied-7c5fbf5b47c6be
Sante Chiropractic & Wellness Centre,Clinics & Services;Chiropractors,Chiropractors,"Address: 1224 Place d'Orléans Dr Unit 1, Orléans, ON K1C 7K3
Phone: 613-837-2883
Website: https://santechiropractic.com
Contacts: Dr. Nathalie Beauchamp",https://santechiropractic.com,613-837-2883,,,Chiropractors;Dr. Nathalie Beauchamp Chiropractors;Orléans,"1224 Place d'Orléans Dr Unit 1, Orléans, ON K1C 7K3",K1C 7K3,Sana,opc-service-allied-f2d91513f9eb3b
Taylor Creek Chiropractic,Clinics & Services;Chiropractors,Chiropractors,"Address: 3735 St Joseph Blvd Ste A, Orléans, ON K4A 0Z7
Phone: 613-830-3337
Website: https://taylorcreekchiro.com
Contacts: Dr. Mike; Dr. Lyne",https://taylorcreekchiro.com,613-830-3337,,,Chiropractors;Dr. Mike; Dr. Lyne Chiropractors;Orléans,"3735 St Joseph Blvd Ste A, Orléans, ON K4A 0Z7",K4A 0Z7,Sana,opc-service-allied-bad10e2245e8a1
Merivale Chiropractic and Massage Clinic,Clinics & Services;Chiropractors,Chiropractors,"Address: 460 W Hunt Club Rd, Ottawa, ON K2E 0B8
Phone: 613-902-7734
Website: https://merivalechiro.com
Contacts: Dr. Tatyana",https://merivalechiro.com,613-902-7734,,,Chiropractors;Dr. Tatyana Chiropractors;Ottawa,"460 W Hunt Club Rd, Ottawa, ON K2E 0B8",K2E 0B8,Sana,opc-service-allied-29699b3bcb91c5
Woodroffe Chiropractic & Massage Therapy,Clinics & Services;Chiropractors,Chiropractors,"Address: 1435 Woodroffe Ave, Nepean, ON K2G 1W1
Phone: 613-224-8543
Website: https://woodroffechiropractic.com
Contacts: Dr. Eric Delorme",https://woodroffechiropractic.com,613-224-8543,,,Chiropractors;Dr. Eric Delorme Chiropractors;Nepean,"1435 Woodroffe Ave, Nepean, ON K2G 1W1",K2G 1W1,Sana,opc-service-allied-b9f2b22aba2ea9
LiveWell Family Health Centre,Clinics & Services;Chiropractors,Chiropractors,"Address: 100 Centrepointe Dr, Nepean, ON K2G 6B1
Phone: 613-225-3339
Website: https://livewellhealth.com
Contacts: Dr. Jason Bercovich; Dr. Sabrina Bercovich",https://livewellhealth.com,613-225-3339,,,Chiropractors;Dr. Jason Bercovich; Dr. Sabrina Bercovich Chiropractors;Nepean,"100 Centrepointe Dr, Nepean, ON K2G 6B1",K2G 6B1,Sana,opc-service-allied-9ff132ec825355
Crestview Family Chiropractic,Clinics & Services;Chiropractors,Chiropractors,"Address: 1600 Merivale Rd #213, Ottawa, ON K2G 5J8
Phone: 613-224-5400
Website: https://mynepeanchiropractor.com
Contacts: Dr. Renee; Dr. Paul Groulx",https://mynepeanchiropractor.com,613-224-5400,,,Chiropractors;Dr. Renee; Dr. Paul Groulx Chiropractors;Ottawa,"1600 Merivale Rd #213, Ottawa, ON K2G 5J8",K2G 5J8,Sana,opc-service-allied-70261437a6751d
Capital Chiropractic,Clinics & Services;Chiropractors,Chiropractors,"Address: 2210 Prince of Wales Dr Ste 501, Nepean, ON K2E 6Z9
Phone: 613-695-4377
Website: https://mycapitalchiro.ca
Contacts: Dr. Herr",https://mycapitalchiro.ca,613-695-4377,,,Chiropractors;Dr. Herr Chiropractors;Nepean,"2210 Prince of Wales Dr Ste 501, Nepean, ON K2E 6Z9",K2E 6Z9,Sana,opc-service-allied-da74e621107559
Ottawa Occupational Therapy,Clinics & Services;Occupational Therapists,Occupational Therapists,"Address: 2 Barbara Ann Private, Ottawa, ON K2C 3V2
Phone: 613-797-9644
Website: https://ottawaot.com
Contacts: Erin; Adrienne
Eligibility: Children/youth only; in-home visits",https://ottawaot.com,613-797-9644,,,Occupational Therapists;Erin; Adrienne Occupational Therapists;Ottawa,"2 Barbara Ann Private, Ottawa, ON K2C 3V2",K2C 3V2,Sana,opc-service-allied-b1af4a572e433c
Expanding Horizons Therapy,Clinics & Services;Occupational Therapists,Occupational Therapists,"Address: 2255 St. Laurent Blvd Unit 310-B, Ottawa, ON K1G 4K3
Phone: 613-707-3150
Website: https://expandinghorizonsot.com",https://expandinghorizonsot.com,613-707-3150,,,Occupational Therapists;Ottawa,"2255 St. Laurent Blvd Unit 310-B, Ottawa, ON K1G 4K3",K1G 4K3,Sana,opc-service-allied-50f5fa69162da6
Play On Pediatric Therapy (Barrhaven),Clinics & Services;Occupational Therapists,Occupational Therapists,"Address: 10 Green St Unit 200, Ottawa, ON K2J 3Z6
Phone: 613-699-0787
Website: https://playonpediatric.com
Eligibility: Children only",https://playonpediatric.com,613-699-0787,,,Occupational Therapists;Ottawa,"10 Green St Unit 200, Ottawa, ON K2J 3Z6",K2J 3Z6,Sana,opc-service-allied-a912f6a702e081
M|Care Occupational Therapy & Rehabilitation,Clinics & Services;Occupational Therapists,Occupational Therapists,"Address: 343 Preston St 11th Floor, Ottawa, ON K1S 1N4
Phone: 613-627-0654
Website: https://mcaretherapy.com
Contacts: Marie-Christine",https://mcaretherapy.com,613-627-0654,,,Occupational Therapists;Marie-Christine Occupational Therapists;Ottawa,"343 Preston St 11th Floor, Ottawa, ON K1S 1N4",K1S 1N4,Sana,opc-service-allied-4212bc9a89c206
Howell Occupational Therapy Professional Corporation,Clinics & Services;Occupational Therapists,Occupational Therapists,"Address: 2727 Wyldewood St, Gloucester, ON K1T 2S1
Phone: 613-260-2847
Website: https://loriot.ca
Contacts: Lori Howell
Eligibility: Children only",https://loriot.ca,613-260-2847,,,Occupational Therapists;Lori Howell Occupational Therapists;Gloucester,"2727 Wyldewood St, Gloucester, ON K1T 2S1",K1T 2S1,Sana,opc-service-allied-b0cc14625733a9
On the Ball Pediatric Physio and Occupational Therapy (Kanata),Clinics & Services;Occupational Therapists,Occupational Therapists,"Address: 308 Palladium Dr Ste 102, Kanata, ON K2V 1A1
Phone: 613-831-2377
Website: https://ontheball.ca
Eligibility: Children only",https://ontheball.ca,613-831-2377,,,Occupational Therapists;Kanata,"308 Palladium Dr Ste 102, Kanata, ON K2V 1A1",K2V 1A1,Sana,opc-service-allied-3678f431b503bd
On the Ball Pediatric Physio and Occupational Therapy (Orléans),Clinics & Services;Occupational Therapists,Occupational Therapists,"Address: 3095 St Joseph Blvd Unit 201-202, Orléans, ON K1E 3W6
Phone: 613-898-9585
Website: https://ontheball.ca
Eligibility: Children only",https://ontheball.ca,613-898-9585,,,Occupational Therapists;Orléans,"3095 St Joseph Blvd Unit 201-202, Orléans, ON K1E 3W6",K1E 3W6,Sana,opc-service-allied-235b4eebc686a7
Valerie Metcalfe OT,Clinics & Services;Occupational Therapists,Occupational Therapists,"Address: 210 Centrum Blvd Ste 221, Orléans, ON K1E 3V7
Phone: 343-596-5834
Website: https://valeriemetcalfeot.ca
Eligibility: Adults only",https://valeriemetcalfeot.ca,343-596-5834,,,Occupational Therapists;Orléans,"210 Centrum Blvd Ste 221, Orléans, ON K1E 3V7",K1E 3V7,Sana,opc-service-allied-48f38aa6f3f7a3
Ottawa Physiotherapy & Sport Clinics – Main Street,Clinics & Services;Physiotherapists,Physiotherapists,"Address: 194 Main St #205, Ottawa, ON K1S 1B9
Phone: 613-567-4808
Website: https://optsc.com/main-street-physiotherapy-massage-therapy",https://optsc.com/main-street-physiotherapy-massage-therapy,613-567-4808,,,Physiotherapists;Ottawa,"194 Main St #205, Ottawa, ON K1S 1B9",K1S 1B9,Sana,opc-service-allied-a0f812d89fcb07
Ottawa Physiotherapy & Sport Clinics – Westboro,Clinics & Services;Physiotherapists,Physiotherapists,"Address: 347 Churchill Ave N, Ottawa, ON K1Z 5B8
Phone: 613-728-4160
Website: https://optsc.com/westboro-physiotherapy-massage-therapy",https://optsc.com/westboro-physiotherapy-massage-therapy,613-728-4160,,,Physiotherapists;Ottawa,"347 Churchill Ave N, Ottawa, ON K1Z 5B8",K1Z 5B8,Sana,opc-service-allied-5988e3bb54d8f9
Ottawa Physiotherapy & Sport Clinics – Glebe,Clinics & Services;Physiotherapists,Physiotherapists,"Address: 108 Third Ave #102, Ottawa, ON K1S 2J8
Phone: 613-680-3980
Website: https://optsc.com/glebe-physiotherapy",https://optsc.com/glebe-physiotherapy,613-680-3980,,,Physiotherapists;Ottawa,"108 Third Ave #102, Ottawa, ON K1S 2J8",K1S 2J8,Sana,opc-service-allied-fa14d6cd686bc1
Ottawa Physiotherapy & Sport Clinics – Hunt Club,Clinics & Services;Physiotherapists,Physiotherapists,"Address: 2446 Bank St #109, Ottawa, ON K1V 8S2
Phone: 613-247-1245
Website: https://optsc.com/hunt-club-physiotherapy-massage-therapy",https://optsc.com/hunt-club-physiotherapy-massage-therapy,613-247-1245,,,Physiotherapists;Ottawa,"2446 Bank St #109, Ottawa, ON K1V 8S2",K1V 8S2,Sana,opc-service-allied-14941f9204482e
Ottawa Physiotherapy & Sport Clinics – Manor Park,Clinics & Services;Physiotherapists,Physiotherapists,"Address: 345 St. Laurent Blvd, Ottawa, ON K1K 2Z7
Phone: 613-783-1420
Website: https://optsc.com/manor-park-physiotherapy",https://optsc.com/manor-park-physiotherapy,613-783-1420,,,Physiotherapists;Ottawa,"345 St. Laurent Blvd, Ottawa, ON K1K 2Z7",K1K 2Z7,Sana,opc-service-allied-de4b11b937d626
Ottawa Physiotherapy and Sport Clinics – Stonebridge,Clinics & Services;Physiotherapists,Physiotherapists,"Address: 3812 Greenbank Rd Unit 6, Stonebridge, ON K2J 7B8
Phone: 613-823-2007
Website: https://optsc.com/stonebridge-physiotherapy-massage-therapy",https://optsc.com/stonebridge-physiotherapy-massage-therapy,613-823-2007,,,Physiotherapists;Stonebridge,"3812 Greenbank Rd Unit 6, Stonebridge, ON K2J 7B8",K2J 7B8,Sana,opc-service-allied-96c6c70152267c
Arro Wellness (formerly OPRC),Clinics & Services;Physiotherapists,Physiotherapists,"Address: 1600 Laperriere Ave Unit 102, Ottawa, ON K1Z 8P5
Phone: 613-366-1156
Website: https://arrowellness.ca
Contacts: Dr. Greg Stoltz",https://arrowellness.ca,613-366-1156,,,Physiotherapists;Dr. Greg Stoltz Physiotherapists;Ottawa,"1600 Laperriere Ave Unit 102, Ottawa, ON K1Z 8P5",K1Z 8P5,Sana,opc-service-allied-f3d98a1c1c7bcd
Physiocare Physiotherapy & Rehab Centre South Keys,Clinics & Services;Physiotherapists,Physiotherapists,"Address: 2430 Bank St Unit 1, Ottawa, ON K1V 8S1
Phone: 343-567-3344
Website: https://physiocarephysiotherapy.com",https://physiocarephysiotherapy.com,343-567-3344,,,Physiotherapists;Ottawa,"2430 Bank St Unit 1, Ottawa, ON K1V 8S1",K1V 8S1,Sana,opc-service-allied-6727c8b888607f
Barrhaven Physiotherapy Clinic,Clinics & Services;Physiotherapists,Physiotherapists,"Address: 35 Larkin Dr, Nepean, ON K2J 2T2
Phone: 613-825-8548
Website: https://optsc.com/barrhaven-physiotherapy-massage-therapy",https://optsc.com/barrhaven-physiotherapy-massage-therapy,613-825-8548,,,Physiotherapists;Nepean,"35 Larkin Dr, Nepean, ON K2J 2T2",K2J 2T2,Sana,opc-service-allied-268434cb5a375c
Physiocare+ Physiotherapy and Rehab Centre,Clinics & Services;Physiotherapists,Physiotherapists,"Address: 4100 Strandherd Dr #110, Ottawa, ON K2J 0V2
Phone: 613-825-4445
Website: https://physiocarephysiotherapy.com/barrhaven",https://physiocarephysiotherapy.com/barrhaven,613-825-4445,,,Physiotherapists;Ottawa,"4100 Strandherd Dr #110, Ottawa, ON K2J 0V2",K2J 0V2,Sana,opc-service-allied-072614dfc578cd
ActiveCARE Physiotherapy – Barrhaven,Clinics & Services;Physiotherapists,Physiotherapists,"Address: 3500 Fallowfield Rd #1f, Nepean, ON K2J 4A7
Phone: 613-704-0992
Website: https://acpottawa.ca/physiotherapy-center/barrhaven-nepean-on
Contacts: Walid",https://acpottawa.ca/physiotherapy-center/barrhaven-nepean-on,613-704-0992,,,Physiotherapists;Walid Physiotherapists;Nepean,"3500 Fallowfield Rd #1f, Nepean, ON K2J 4A7",K2J 4A7,Sana,opc-service-allied-6fd98b21f32408
Care2Cure Physiotherapy & Rehab Centre Barrhaven,Clinics & Services;Physiotherapists,Physiotherapists,"Address: 4235 Strandherd Dr #10, Ottawa, ON K2J 6E5
Phone: 613-440-6600
Website: https://care2curephysiotherapy.com",https://care2curephysiotherapy.com,613-440-6600,,,Physiotherapists;Ottawa,"4235 Strandherd Dr #10, Ottawa, ON K2J 6E5",K2J 6E5,Sana,opc-service-allied-c9fb3482c8a3cd
"iBalance Physiotherapy, Sports & Wellness Centre",Clinics & Services;Physiotherapists,Physiotherapists,"Address: 1581 Greenbank Rd #115, Nepean, ON K2J 4Y6
Phone: 613-979-8633
Website: https://ibalancewell.com",https://ibalancewell.com,613-979-8633,,,Physiotherapists;Nepean,"1581 Greenbank Rd #115, Nepean, ON K2J 4Y6",K2J 4Y6,Sana,opc-service-allied-35fc697fd41a65
Orleans Physiotherapy,Clinics & Services;Physiotherapists,Physiotherapists,"Address: 2530 St Joseph Blvd #3, Ottawa, ON K1C 1G1
Phone: 613-830-3145
Website: https://orleansphysio.com",https://orleansphysio.com,613-830-3145,,,Physiotherapists;Ottawa,"2530 St Joseph Blvd #3, Ottawa, ON K1C 1G1",K1C 1G1,Sana,opc-service-allied-8ef2d0c335e0a5
Ottawa Physiotherapy & Sport Clinics – Orleans,Clinics & Services;Physiotherapists,Physiotherapists,"Address: 1420 Youville Dr, Orléans, ON K1C 7B3
Phone: 613-830-3466
Website: https://optsc.com/orleans-physiotherapy",https://optsc.com/orleans-physiotherapy,613-830-3466,,,Physiotherapists;Orléans,"1420 Youville Dr, Orléans, ON K1C 7B3",K1C 7B3,Sana,opc-service-allied-a97434a42bb80c
CN Physiotherapy (Orleanswood),Clinics & Services;Physiotherapists,Physiotherapists,"Address: 7766 Jeanne-d'Arc Blvd N Unit B, Orléans, ON K1C 2R5
Phone: 613-834-5552
Website: https://cnphysiotherapy.ca/pt-center/orleanswood
Contacts: Dr. Mary",https://cnphysiotherapy.ca/pt-center/orleanswood,613-834-5552,,,Physiotherapists;Dr. Mary Physiotherapists;Orléans,"7766 Jeanne-d'Arc Blvd N Unit B, Orléans, ON K1C 2R5",K1C 2R5,Sana,opc-service-allied-26336e845aa4d2
Physio Sport Plus and Sport Medicine Centre,Clinics & Services;Physiotherapists,Physiotherapists,"Address: 1190 Place d'Orléans Dr, Orléans, ON K1C 7K3
Phone: 613-830-4806
Website: https://physiosportplus.ca
Contacts: Dr. Bagg",https://physiosportplus.ca,613-830-4806,,,Physiotherapists;Dr. Bagg Physiotherapists;Orléans,"1190 Place d'Orléans Dr, Orléans, ON K1C 7K3",K1C 7K3,Sana,opc-service-allied-7e98450a97975f
Vitality Physiotherapy and Wellness Centre,Clinics & Services;Physiotherapists,Physiotherapists,"Address: 5100 Kanata Ave Unit 3, Kanata, ON K2K 0P1
Phone: 343-700-3483
Website: https://vitalitypt.ca/kanata-physiotherapy-ottawa",https://vitalitypt.ca/kanata-physiotherapy-ottawa,343-700-3483,,,Physiotherapists;Kanata,"5100 Kanata Ave Unit 3, Kanata, ON K2K 0P1",K2K 0P1,Sana,opc-service-allied-9ed07fc6dec10f
PhysioExperts Physiotherapy and Rehabilitation Centre,Clinics & Services;Physiotherapists,Physiotherapists,"Address: 462 Hazeldean Rd Unit 3, Kanata, ON K2L 1V3
Phone: 613-672-6000
Website: https://physioexperts.ca
Contacts: Dr. Radhika",https://physioexperts.ca,613-672-6000,,,Physiotherapists;Dr. Radhika Physiotherapists;Kanata,"462 Hazeldean Rd Unit 3, Kanata, ON K2L 1V3",K2L 1V3,Sana,opc-service-allied-946403ab84926b
Physiocare Physiotherapy & Rehab Centre (Kanata),Clinics & Services;Physiotherapists,Physiotherapists,"Address: 5035 Innovation Dr Unit 200, Kanata, ON K2K 3K1
Phone: 613-254-5639
Website: https://physiocarephysiotherapy.com",https://physiocarephysiotherapy.com,613-254-5639,,,Physiotherapists;Kanata,"5035 Innovation Dr Unit 200, Kanata, ON K2K 3K1",K2K 3K1,Sana,opc-service-allied-fab3bbd7ac1c33
