listing_title,listing_category,short_description,description,website,phone,fax,email,listing_tags,address,zip_code,username,sequence_id
Dr. Mitra Abaeian,Specialists;Allergy & Immunology,"Allergy & Immunology · 210 Centrum Blvd, Orléans, K1E 3V7","Specialty: Allergy & Immunology
Location: 210 Centrum Blvd, Orléans, K1E 3V7
Phone: (613) 830-1771
Fax: (613) 837-3781
Languages: En",,(613) 830-1771,(613) 837-3781,,Allergy & Immunology;En,"210 Centrum Blvd, Orléans, K1E 3V7",K1E,Sana,opc-specialist-8b90134c4b2f737e
Access Healthcare Services - Pembroke,Clinics & Services;Foot Care - Clinics;Home Help and Homemaking;In-Home Nursing;In-Home Personal Support;Wound Care,Foot Care - Clinics · Home Help and Homemaking · In-Home Nursing,"Address: 458 Pembroke St E | Pembroke, ON | K8A 3L2
Intersection: Pembroke St Eand Elizabeth St N
Phone: 613-732-4713
Email: info@access-healthcare.com
Website: http://access-healthcare.com/
Contacts: Pamela Roberts - Director, Operations | pamela.roberts@access-healthcare.com | Jennifer Ball - Director, Integrated Care Solutions | jennifer.ball@access-healthcare.com
Leadership: Vanessa Goldrick - Vice President, Operations | vanessa.goldrick@access-healthcare.com | Kumar Garg - President and Chief Executive Officer
Hours: Administration Mon-Fri 8am-4pm * on-call Mon-Sun 24 hours
Eligibility: No restrictions
How to access / refer: Email or call to make an appointment
Fees: Set fees
Languages: English * French
Language notes: French reception, programs * interpretation services
Accessibility: Wheelchair Accessible
Service area: Renfrew County ; Ottawa (City of)
Last verified: 2026-02-10",http://access-healthcare.com/,613-732-4713,,info@access-healthcare.com,Foot Care - Clinics;Home Help and Homemaking;In-Home Nursing;In-Home Personal Support;Wound Care;English * French;Pembroke,"458 Pembroke St E | Pembroke, ON | K8A 3L2",K8A 3L2,Sana,opc-service-210449
Abortion,Referral Routes,Direct,"Route: Direct
Referral details: Providers in Ottawa. Ottawa Abortion Clinic, 65 Bank St 3rd floor, 613-567-8300 — surgical abortion approx. 5 to 19.6 weeks (suction/D&C first trimester, D&E second) plus medication abortion with Mifegymiso; no referral needed, self-referral by phone. Choices Ottawa, 1355 Bank St Suite 205 (613-721-2907) and Barrhaven (343-644-9877 opt 4) — medication abortion with Mifegymiso to 10 weeks, no cost with OHIP, RAMQ, NIHB, IFHP or CFHS. Origyns Medical Clinic — medication abortion. Clinique des femmes de l'Outaouais, Gatineau — surgical and medication abortion, an option for francophone patients and those west of the river. Options counselling and provider information: Planned Parenthood Ottawa Options Line 613-226-3234 ext. 101, Mon–Fri 12–4pm, ppottawa@ppottawa.ca — does not perform abortions; gives provider contacts by phone only, deliberately not published online. Action Canada Access Line 1-888-642-2725 — 24/7, arranges access and funding. Any prescriber may provide medical abortion — no special licensing required. NOTE for referrers: First Place Options and Birthright of Ottawa both state on their own sites that they do not perform or refer for abortion (First Place: 'We do not perform abortions or make referrals for an abortion'; Birthright: 'not a medical facility, therefore we are unable to provide or refer for medical services'). Miriam Centre's site mentions abortion only in the context of post-loss grief support and does not state whether it provides or refers. Check the Resources tab for each organisation's own wording.",,613-567-8300,,ppottawa@ppottawa.ca,Direct;referral,,,Sana,opc-route-07a47c951acae916
Eastern Ontario MRI Central Intake,Referral Routes;Central Intake,"All semi-urgent and non-urgent outpatient MRI, Eastern Ontario","Scope: All semi-urgent and non-urgent outpatient MRI, Eastern Ontario
Phone: 613-737-8883
Fax: 613-737-8944
Email: MRIcentralintake@TOH.ca
Website: https://www.ottawahospital.on.ca/en/mricentralintake/",https://www.ottawahospital.on.ca/en/mricentralintake/,613-737-8883,613-737-8944,MRIcentralintake@TOH.ca,"central intake;All semi-urgent and non-urgent outpatient MRI, Eastern Ontario",,,Sana,opc-intake-5683ff4e5e85efe0
Form 8 — Health Professional's Report,Forms;WSIB,Filed by the treating health professional at first contact for a work-related injury or illness. Required to open or continue a claim.,"Description: Filed by the treating health professional at first contact for a work-related injury or illness. Required to open or continue a claim.
Commonly used forms page: https://www.wsib.ca/en/commonly-used-forms-form-8-form-cms8-and-faf
Form 8 PDF: https://www.wsib.ca/sites/default/files/2024-09/0008a_202408_healthprofessionalsreport_web.pdf
Related: Form CMS8 is the equivalent for occupational mental stress claims.
Submission: Fax 1-888-313-7373 · Mail: 200 Front Street West, Toronto ON M5V 3J1
Electronic submission: Register for e-forms and e-billing via TELUS Health at 1-866-240-7492.
Payment: WSIB pays a set fee per form — bill WSIB directly, not OHIP.",https://www.wsib.ca/en/commonly-used-forms-form-8-form-cms8-and-faf,1-888-313-7373,,,WSIB;form,,,Sana,opc-form-0e288241475ab3c4
Ottawa Mental Health Crisis Line — 16 and over,Resources;Resources — Crisis & urgent access;Crisis lines and centralised intake,24/7 telephone crisis line for adults and older adolescents.,"Description: 24/7 telephone crisis line for adults and older adolescents.
Phone: 613-722-6914 (Ottawa) · 1-866-996-0991 (outside Ottawa)
Website: https://crisisline.ca/
Hours: 24 hours a day, 7 days a week
Note: Telephone only. Do not confuse with the Distress Centre of Ottawa and Region, 613-238-3311 — a separate service.
Last verified: 2026-08-13",https://crisisline.ca/,613-722-6914,,,mental health;crisis;centralised intake;urgent;Crisis & urgent access;Crisis lines and centralised intake,,,Sana,opc-resource-1417eaabec3f6ffc
Health811,Quick Numbers,"Nurse advice, 24/7","Phone: 811
Note: Nurse advice, 24/7",,811,,,quick number;urgent,,,Sana,opc-quick-e4a38ded8507a367
